"TIME","GEO","UNIT","PRODUCT","INDIC_NRG","Value","Flag and Footnotes"
"2005","European Union (28 countries)","Thousand TOE (tonnes of oil equivalent)","All products","Gross inland consumption","1,831,265.4",""
"2005","European Union (28 countries)","Terajoule","All products","Gross inland consumption","76,671,419",""
"2005","Euro area (19 countries)","Thousand TOE (tonnes of oil equivalent)","All products","Gross inland consumption","1,293,017.8",""
"2005","Euro area (19 countries)","Terajoule","All products","Gross inland consumption","54,136,070",""
"2005","Belgium","Thousand TOE (tonnes of oil equivalent)","All products","Gross inland consumption","59,075.8",""
"2005","Belgium","Terajoule","All products","Gross inland consumption","2,473,387",""
"2005","Bulgaria","Thousand TOE (tonnes of oil equivalent)","All products","Gross inland consumption","19,754.1",""
"2005","Bulgaria","Terajoule","All products","Gross inland consumption","827,066",""
"2005","Czech Republic","Thousand TOE (tonnes of oil equivalent)","All products","Gross inland consumption","45,120.5",""
"2005","Czech Republic","Terajoule","All products","Gross inland consumption","1,889,105",""
"2005","Denmark","Thousand TOE (tonnes of oil equivalent)","All products","Gross inland consumption","19,556.2",""
"2005","Denmark","Terajoule","All products","Gross inland consumption","818,780",""
"2005","Germany (until 1990 former territory of the FRG)","Thousand TOE (tonnes of oil equivalent)","All products","Gross inland consumption","341,910.4",""
"2005","Germany (until 1990 former territory of the FRG)","Terajoule","All products","Gross inland consumption","14,315,103",""
"2005","Estonia","Thousand TOE (tonnes of oil equivalent)","All products","Gross inland consumption","5,615.2",""
"2005","Estonia","Terajoule","All products","Gross inland consumption","235,097",""
"2005","Ireland","Thousand TOE (tonnes of oil equivalent)","All products","Gross inland consumption","15,264.9",""
"2005","Ireland","Terajoule","All products","Gross inland consumption","639,112",""
"2005","Greece","Thousand TOE (tonnes of oil equivalent)","All products","Gross inland consumption","31,410.1",""
"2005","Greece","Terajoule","All products","Gross inland consumption","1,315,080",""
"2005","Spain","Thousand TOE (tonnes of oil equivalent)","All products","Gross inland consumption","144,222.6",""
"2005","Spain","Terajoule","All products","Gross inland consumption","6,038,310",""
"2005","France","Thousand TOE (tonnes of oil equivalent)","All products","Gross inland consumption","276,598.2",""
"2005","France","Terajoule","All products","Gross inland consumption","11,580,612",""
"2005","Croatia","Thousand TOE (tonnes of oil equivalent)","All products","Gross inland consumption","9,781.6",""
"2005","Croatia","Terajoule","All products","Gross inland consumption","409,537",""
"2005","Italy","Thousand TOE (tonnes of oil equivalent)","All products","Gross inland consumption","190,081.0",""
"2005","Italy","Terajoule","All products","Gross inland consumption","7,958,313",""
"2005","Cyprus","Thousand TOE (tonnes of oil equivalent)","All products","Gross inland consumption","2,538.6",""
"2005","Cyprus","Terajoule","All products","Gross inland consumption","106,284",""
"2005","Latvia","Thousand TOE (tonnes of oil equivalent)","All products","Gross inland consumption","4,591.7",""
"2005","Latvia","Terajoule","All products","Gross inland consumption","192,243",""
"2005","Lithuania","Thousand TOE (tonnes of oil equivalent)","All products","Gross inland consumption","8,710.9",""
"2005","Lithuania","Terajoule","All products","Gross inland consumption","364,708",""
"2005","Luxembourg","Thousand TOE (tonnes of oil equivalent)","All products","Gross inland consumption","4,800.3",""
"2005","Luxembourg","Terajoule","All products","Gross inland consumption","200,977",""
"2005","Hungary","Thousand TOE (tonnes of oil equivalent)","All products","Gross inland consumption","27,611.5",""
"2005","Hungary","Terajoule","All products","Gross inland consumption","1,156,038",""
"2005","Malta","Thousand TOE (tonnes of oil equivalent)","All products","Gross inland consumption","971.9",""
"2005","Malta","Terajoule","All products","Gross inland consumption","40,693",""
"2005","Netherlands","Thousand TOE (tonnes of oil equivalent)","All products","Gross inland consumption","84,659.2",""
"2005","Netherlands","Terajoule","All products","Gross inland consumption","3,544,511",""
"2005","Austria","Thousand TOE (tonnes of oil equivalent)","All products","Gross inland consumption","34,201.1",""
"2005","Austria","Terajoule","All products","Gross inland consumption","1,431,932",""
"2005","Poland","Thousand TOE (tonnes of oil equivalent)","All products","Gross inland consumption","92,223.0",""
"2005","Poland","Terajoule","All products","Gross inland consumption","3,861,193",""
"2005","Portugal","Thousand TOE (tonnes of oil equivalent)","All products","Gross inland consumption","27,475.0",""
"2005","Portugal","Terajoule","All products","Gross inland consumption","1,150,325",""
"2005","Romania","Thousand TOE (tonnes of oil equivalent)","All products","Gross inland consumption","39,206.3",""
"2005","Romania","Terajoule","All products","Gross inland consumption","1,641,491",""
"2005","Slovenia","Thousand TOE (tonnes of oil equivalent)","All products","Gross inland consumption","7,325.4",""
"2005","Slovenia","Terajoule","All products","Gross inland consumption","306,702",""
"2005","Slovakia","Thousand TOE (tonnes of oil equivalent)","All products","Gross inland consumption","19,028.7",""
"2005","Slovakia","Terajoule","All products","Gross inland consumption","796,694",""
"2005","Finland","Thousand TOE (tonnes of oil equivalent)","All products","Gross inland consumption","34,536.8",""
"2005","Finland","Terajoule","All products","Gross inland consumption","1,445,988",""
"2005","Sweden","Thousand TOE (tonnes of oil equivalent)","All products","Gross inland consumption","50,993.3",""
"2005","Sweden","Terajoule","All products","Gross inland consumption","2,134,987",""
"2005","United Kingdom","Thousand TOE (tonnes of oil equivalent)","All products","Gross inland consumption","234,000.9",""
"2005","United Kingdom","Terajoule","All products","Gross inland consumption","9,797,151",""
"2005","Iceland","Thousand TOE (tonnes of oil equivalent)","All products","Gross inland consumption","3,369.6",""
"2005","Iceland","Terajoule","All products","Gross inland consumption","141,078",""
"2005","Norway","Thousand TOE (tonnes of oil equivalent)","All products","Gross inland consumption","27,169.8",""
"2005","Norway","Terajoule","All products","Gross inland consumption","1,137,545",""
"2005","Montenegro","Thousand TOE (tonnes of oil equivalent)","All products","Gross inland consumption","1,086.1",""
"2005","Montenegro","Terajoule","All products","Gross inland consumption","45,471",""
"2005","Former Yugoslav Republic of Macedonia, the","Thousand TOE (tonnes of oil equivalent)","All products","Gross inland consumption","2,752.4",""
"2005","Former Yugoslav Republic of Macedonia, the","Terajoule","All products","Gross inland consumption","115,236",""
"2005","Albania","Thousand TOE (tonnes of oil equivalent)","All products","Gross inland consumption","2,215.8",""
"2005","Albania","Terajoule","All products","Gross inland consumption","92,772",""
"2005","Serbia","Thousand TOE (tonnes of oil equivalent)","All products","Gross inland consumption","15,701.7",""
"2005","Serbia","Terajoule","All products","Gross inland consumption","657,399",""
"2005","Turkey","Thousand TOE (tonnes of oil equivalent)","All products","Gross inland consumption","85,564.6",""
"2005","Turkey","Terajoule","All products","Gross inland consumption","3,582,420",""
"2005","Kosovo (under United Nations Security Council Resolution 1244/99)","Thousand TOE (tonnes of oil equivalent)","All products","Gross inland consumption","1,949.9",""
"2005","Kosovo (under United Nations Security Council Resolution 1244/99)","Terajoule","All products","Gross inland consumption","81,638",""
"2005","Moldova","Thousand TOE (tonnes of oil equivalent)","All products","Gross inland consumption","3,547.5",""
"2005","Moldova","Terajoule","All products","Gross inland consumption","148,527",""
"2005","Ukraine","Thousand TOE (tonnes of oil equivalent)","All products","Gross inland consumption","142,716.9",""
"2005","Ukraine","Terajoule","All products","Gross inland consumption","5,975,272",""
"2006","European Union (28 countries)","Thousand TOE (tonnes of oil equivalent)","All products","Gross inland consumption","1,839,954.8",""
"2006","European Union (28 countries)","Terajoule","All products","Gross inland consumption","77,035,230",""
"2006","Euro area (19 countries)","Thousand TOE (tonnes of oil equivalent)","All products","Gross inland consumption","1,297,547.0",""
"2006","Euro area (19 countries)","Terajoule","All products","Gross inland consumption","54,325,699",""
"2006","Belgium","Thousand TOE (tonnes of oil equivalent)","All products","Gross inland consumption","58,022.2",""
"2006","Belgium","Terajoule","All products","Gross inland consumption","2,429,272",""
"2006","Bulgaria","Thousand TOE (tonnes of oil equivalent)","All products","Gross inland consumption","20,398.8",""
"2006","Bulgaria","Terajoule","All products","Gross inland consumption","854,057",""
"2006","Czech Republic","Thousand TOE (tonnes of oil equivalent)","All products","Gross inland consumption","46,313.1",""
"2006","Czech Republic","Terajoule","All products","Gross inland consumption","1,939,035",""
"2006","Denmark","Thousand TOE (tonnes of oil equivalent)","All products","Gross inland consumption","21,039.1",""
"2006","Denmark","Terajoule","All products","Gross inland consumption","880,865",""
"2006","Germany (until 1990 former territory of the FRG)","Thousand TOE (tonnes of oil equivalent)","All products","Gross inland consumption","351,703.7",""
"2006","Germany (until 1990 former territory of the FRG)","Terajoule","All products","Gross inland consumption","14,725,132",""
"2006","Estonia","Thousand TOE (tonnes of oil equivalent)","All products","Gross inland consumption","5,483.9",""
"2006","Estonia","Terajoule","All products","Gross inland consumption","229,602",""
"2006","Ireland","Thousand TOE (tonnes of oil equivalent)","All products","Gross inland consumption","15,610.5",""
"2006","Ireland","Terajoule","All products","Gross inland consumption","653,582",""
"2006","Greece","Thousand TOE (tonnes of oil equivalent)","All products","Gross inland consumption","31,584.7",""
"2006","Greece","Terajoule","All products","Gross inland consumption","1,322,389",""
"2006","Spain","Thousand TOE (tonnes of oil equivalent)","All products","Gross inland consumption","144,436.7",""
"2006","Spain","Terajoule","All products","Gross inland consumption","6,047,274",""
"2006","France","Thousand TOE (tonnes of oil equivalent)","All products","Gross inland consumption","272,681.8",""
"2006","France","Terajoule","All products","Gross inland consumption","11,416,643",""
"2006","Croatia","Thousand TOE (tonnes of oil equivalent)","All products","Gross inland consumption","9,715.3",""
"2006","Croatia","Terajoule","All products","Gross inland consumption","406,759",""
"2006","Italy","Thousand TOE (tonnes of oil equivalent)","All products","Gross inland consumption","188,252.3",""
"2006","Italy","Terajoule","All products","Gross inland consumption","7,881,749",""
"2006","Cyprus","Thousand TOE (tonnes of oil equivalent)","All products","Gross inland consumption","2,636.2",""
"2006","Cyprus","Terajoule","All products","Gross inland consumption","110,373",""
"2006","Latvia","Thousand TOE (tonnes of oil equivalent)","All products","Gross inland consumption","4,764.3",""
"2006","Latvia","Terajoule","All products","Gross inland consumption","199,472",""
"2006","Lithuania","Thousand TOE (tonnes of oil equivalent)","All products","Gross inland consumption","8,542.1",""
"2006","Lithuania","Terajoule","All products","Gross inland consumption","357,641",""
"2006","Luxembourg","Thousand TOE (tonnes of oil equivalent)","All products","Gross inland consumption","4,723.4",""
"2006","Luxembourg","Terajoule","All products","Gross inland consumption","197,761",""
"2006","Hungary","Thousand TOE (tonnes of oil equivalent)","All products","Gross inland consumption","27,458.8",""
"2006","Hungary","Terajoule","All products","Gross inland consumption","1,149,645",""
"2006","Malta","Thousand TOE (tonnes of oil equivalent)","All products","Gross inland consumption","912.9",""
"2006","Malta","Terajoule","All products","Gross inland consumption","38,222",""
"2006","Netherlands","Thousand TOE (tonnes of oil equivalent)","All products","Gross inland consumption","83,917.4",""
"2006","Netherlands","Terajoule","All products","Gross inland consumption","3,513,453",""
"2006","Austria","Thousand TOE (tonnes of oil equivalent)","All products","Gross inland consumption","34,350.6",""
"2006","Austria","Terajoule","All products","Gross inland consumption","1,438,190",""
"2006","Poland","Thousand TOE (tonnes of oil equivalent)","All products","Gross inland consumption","96,852.0",""
"2006","Poland","Terajoule","All products","Gross inland consumption","4,055,001",""
"2006","Portugal","Thousand TOE (tonnes of oil equivalent)","All products","Gross inland consumption","26,193.9",""
"2006","Portugal","Terajoule","All products","Gross inland consumption","1,096,686",""
"2006","Romania","Thousand TOE (tonnes of oil equivalent)","All products","Gross inland consumption","40,578.7",""
"2006","Romania","Terajoule","All products","Gross inland consumption","1,698,951",""
"2006","Slovenia","Thousand TOE (tonnes of oil equivalent)","All products","Gross inland consumption","7,327.7",""
"2006","Slovenia","Terajoule","All products","Gross inland consumption","306,798",""
"2006","Slovakia","Thousand TOE (tonnes of oil equivalent)","All products","Gross inland consumption","18,870.3",""
"2006","Slovakia","Terajoule","All products","Gross inland consumption","790,060",""
"2006","Finland","Thousand TOE (tonnes of oil equivalent)","All products","Gross inland consumption","37,532.2",""
"2006","Finland","Terajoule","All products","Gross inland consumption","1,571,400",""
"2006","Sweden","Thousand TOE (tonnes of oil equivalent)","All products","Gross inland consumption","49,579.3",""
"2006","Sweden","Terajoule","All products","Gross inland consumption","2,075,786",""
"2006","United Kingdom","Thousand TOE (tonnes of oil equivalent)","All products","Gross inland consumption","230,472.7",""
"2006","United Kingdom","Terajoule","All products","Gross inland consumption","9,649,431",""
"2006","Iceland","Thousand TOE (tonnes of oil equivalent)","All products","Gross inland consumption","4,191.3",""
"2006","Iceland","Terajoule","All products","Gross inland consumption","175,483",""
"2006","Norway","Thousand TOE (tonnes of oil equivalent)","All products","Gross inland consumption","27,582.1",""
"2006","Norway","Terajoule","All products","Gross inland consumption","1,154,806",""
"2006","Montenegro","Thousand TOE (tonnes of oil equivalent)","All products","Gross inland consumption","1,191.3",""
"2006","Montenegro","Terajoule","All products","Gross inland consumption","49,878",""
"2006","Former Yugoslav Republic of Macedonia, the","Thousand TOE (tonnes of oil equivalent)","All products","Gross inland consumption","2,862.9",""
"2006","Former Yugoslav Republic of Macedonia, the","Terajoule","All products","Gross inland consumption","119,864",""
"2006","Albania","Thousand TOE (tonnes of oil equivalent)","All products","Gross inland consumption","2,123.1",""
"2006","Albania","Terajoule","All products","Gross inland consumption","88,889",""
"2006","Serbia","Thousand TOE (tonnes of oil equivalent)","All products","Gross inland consumption","16,711.6",""
"2006","Serbia","Terajoule","All products","Gross inland consumption","699,680",""
"2006","Turkey","Thousand TOE (tonnes of oil equivalent)","All products","Gross inland consumption","94,266.9",""
"2006","Turkey","Terajoule","All products","Gross inland consumption","3,946,767",""
"2006","Kosovo (under United Nations Security Council Resolution 1244/99)","Thousand TOE (tonnes of oil equivalent)","All products","Gross inland consumption","1,970.6",""
"2006","Kosovo (under United Nations Security Council Resolution 1244/99)","Terajoule","All products","Gross inland consumption","82,504",""
"2006","Moldova","Thousand TOE (tonnes of oil equivalent)","All products","Gross inland consumption","3,473.4",""
"2006","Moldova","Terajoule","All products","Gross inland consumption","145,424",""
"2006","Ukraine","Thousand TOE (tonnes of oil equivalent)","All products","Gross inland consumption","137,450.8",""
"2006","Ukraine","Terajoule","All products","Gross inland consumption","5,754,791",""
"2007","European Union (28 countries)","Thousand TOE (tonnes of oil equivalent)","All products","Gross inland consumption","1,810,483.0",""
"2007","European Union (28 countries)","Terajoule","All products","Gross inland consumption","75,801,302",""
"2007","Euro area (19 countries)","Thousand TOE (tonnes of oil equivalent)","All products","Gross inland consumption","1,277,416.1",""
"2007","Euro area (19 countries)","Terajoule","All products","Gross inland consumption","53,482,856",""
"2007","Belgium","Thousand TOE (tonnes of oil equivalent)","All products","Gross inland consumption","57,045.7",""
"2007","Belgium","Terajoule","All products","Gross inland consumption","2,388,391",""
"2007","Bulgaria","Thousand TOE (tonnes of oil equivalent)","All products","Gross inland consumption","20,036.9",""
"2007","Bulgaria","Terajoule","All products","Gross inland consumption","838,906",""
"2007","Czech Republic","Thousand TOE (tonnes of oil equivalent)","All products","Gross inland consumption","46,324.4",""
"2007","Czech Republic","Terajoule","All products","Gross inland consumption","1,939,511",""
"2007","Denmark","Thousand TOE (tonnes of oil equivalent)","All products","Gross inland consumption","20,516.4",""
"2007","Denmark","Terajoule","All products","Gross inland consumption","858,983",""
"2007","Germany (until 1990 former territory of the FRG)","Thousand TOE (tonnes of oil equivalent)","All products","Gross inland consumption","333,760.6",""
"2007","Germany (until 1990 former territory of the FRG)","Terajoule","All products","Gross inland consumption","13,973,887",""
"2007","Estonia","Thousand TOE (tonnes of oil equivalent)","All products","Gross inland consumption","6,145.7",""
"2007","Estonia","Terajoule","All products","Gross inland consumption","257,309",""
"2007","Ireland","Thousand TOE (tonnes of oil equivalent)","All products","Gross inland consumption","15,946.6",""
"2007","Ireland","Terajoule","All products","Gross inland consumption","667,654",""
"2007","Greece","Thousand TOE (tonnes of oil equivalent)","All products","Gross inland consumption","31,517.6",""
"2007","Greece","Terajoule","All products","Gross inland consumption","1,319,578",""
"2007","Spain","Thousand TOE (tonnes of oil equivalent)","All products","Gross inland consumption","146,284.3",""
"2007","Spain","Terajoule","All products","Gross inland consumption","6,124,630",""
"2007","France","Thousand TOE (tonnes of oil equivalent)","All products","Gross inland consumption","269,877.5",""
"2007","France","Terajoule","All products","Gross inland consumption","11,299,232",""
"2007","Croatia","Thousand TOE (tonnes of oil equivalent)","All products","Gross inland consumption","10,133.0",""
"2007","Croatia","Terajoule","All products","Gross inland consumption","424,250",""
"2007","Italy","Thousand TOE (tonnes of oil equivalent)","All products","Gross inland consumption","188,086.5",""
"2007","Italy","Terajoule","All products","Gross inland consumption","7,874,808",""
"2007","Cyprus","Thousand TOE (tonnes of oil equivalent)","All products","Gross inland consumption","2,752.9",""
"2007","Cyprus","Terajoule","All products","Gross inland consumption","115,260",""
"2007","Latvia","Thousand TOE (tonnes of oil equivalent)","All products","Gross inland consumption","4,886.1",""
"2007","Latvia","Terajoule","All products","Gross inland consumption","204,571",""
"2007","Lithuania","Thousand TOE (tonnes of oil equivalent)","All products","Gross inland consumption","9,302.9",""
"2007","Lithuania","Terajoule","All products","Gross inland consumption","389,493",""
"2007","Luxembourg","Thousand TOE (tonnes of oil equivalent)","All products","Gross inland consumption","4,631.1",""
"2007","Luxembourg","Terajoule","All products","Gross inland consumption","193,894",""
"2007","Hungary","Thousand TOE (tonnes of oil equivalent)","All products","Gross inland consumption","26,825.7",""
"2007","Hungary","Terajoule","All products","Gross inland consumption","1,123,140",""
"2007","Malta","Thousand TOE (tonnes of oil equivalent)","All products","Gross inland consumption","970.1",""
"2007","Malta","Terajoule","All products","Gross inland consumption","40,615",""
"2007","Netherlands","Thousand TOE (tonnes of oil equivalent)","All products","Gross inland consumption","83,580.0",""
"2007","Netherlands","Terajoule","All products","Gross inland consumption","3,499,329",""
"2007","Austria","Thousand TOE (tonnes of oil equivalent)","All products","Gross inland consumption","33,931.7",""
"2007","Austria","Terajoule","All products","Gross inland consumption","1,420,652",""
"2007","Poland","Thousand TOE (tonnes of oil equivalent)","All products","Gross inland consumption","96,801.8",""
"2007","Poland","Terajoule","All products","Gross inland consumption","4,052,897",""
"2007","Portugal","Thousand TOE (tonnes of oil equivalent)","All products","Gross inland consumption","26,175.2",""
"2007","Portugal","Terajoule","All products","Gross inland consumption","1,095,905",""
"2007","Romania","Thousand TOE (tonnes of oil equivalent)","All products","Gross inland consumption","40,411.5",""
"2007","Romania","Terajoule","All products","Gross inland consumption","1,691,947",""
"2007","Slovenia","Thousand TOE (tonnes of oil equivalent)","All products","Gross inland consumption","7,336.2",""
"2007","Slovenia","Terajoule","All products","Gross inland consumption","307,152",""
"2007","Slovakia","Thousand TOE (tonnes of oil equivalent)","All products","Gross inland consumption","17,854.8",""
"2007","Slovakia","Terajoule","All products","Gross inland consumption","747,543",""
"2007","Finland","Thousand TOE (tonnes of oil equivalent)","All products","Gross inland consumption","37,330.5",""
"2007","Finland","Terajoule","All products","Gross inland consumption","1,562,954",""
"2007","Sweden","Thousand TOE (tonnes of oil equivalent)","All products","Gross inland consumption","49,557.6",""
"2007","Sweden","Terajoule","All products","Gross inland consumption","2,074,877",""
"2007","United Kingdom","Thousand TOE (tonnes of oil equivalent)","All products","Gross inland consumption","222,459.5",""
"2007","United Kingdom","Terajoule","All products","Gross inland consumption","9,313,935",""
"2007","Iceland","Thousand TOE (tonnes of oil equivalent)","All products","Gross inland consumption","4,911.0",""
"2007","Iceland","Terajoule","All products","Gross inland consumption","205,614",""
"2007","Norway","Thousand TOE (tonnes of oil equivalent)","All products","Gross inland consumption","27,959.6",""
"2007","Norway","Terajoule","All products","Gross inland consumption","1,170,614",""
"2007","Montenegro","Thousand TOE (tonnes of oil equivalent)","All products","Gross inland consumption","1,197.6",""
"2007","Montenegro","Terajoule","All products","Gross inland consumption","50,140",""
"2007","Former Yugoslav Republic of Macedonia, the","Thousand TOE (tonnes of oil equivalent)","All products","Gross inland consumption","2,970.8",""
"2007","Former Yugoslav Republic of Macedonia, the","Terajoule","All products","Gross inland consumption","124,382",""
"2007","Albania","Thousand TOE (tonnes of oil equivalent)","All products","Gross inland consumption","2,015.4",""
"2007","Albania","Terajoule","All products","Gross inland consumption","84,382",""
"2007","Serbia","Thousand TOE (tonnes of oil equivalent)","All products","Gross inland consumption","16,510.0",""
"2007","Serbia","Terajoule","All products","Gross inland consumption","691,239",""
"2007","Turkey","Thousand TOE (tonnes of oil equivalent)","All products","Gross inland consumption","101,358.5",""
"2007","Turkey","Terajoule","All products","Gross inland consumption","4,243,678",""
"2007","Kosovo (under United Nations Security Council Resolution 1244/99)","Thousand TOE (tonnes of oil equivalent)","All products","Gross inland consumption","2,049.3",""
"2007","Kosovo (under United Nations Security Council Resolution 1244/99)","Terajoule","All products","Gross inland consumption","85,800",""
"2007","Moldova","Thousand TOE (tonnes of oil equivalent)","All products","Gross inland consumption","3,396.7",""
"2007","Moldova","Terajoule","All products","Gross inland consumption","142,213",""
"2007","Ukraine","Thousand TOE (tonnes of oil equivalent)","All products","Gross inland consumption","138,905.0",""
"2007","Ukraine","Terajoule","All products","Gross inland consumption","5,815,674",""
"2008","European Union (28 countries)","Thousand TOE (tonnes of oil equivalent)","All products","Gross inland consumption","1,805,616.8",""
"2008","European Union (28 countries)","Terajoule","All products","Gross inland consumption","75,597,566",""
"2008","Euro area (19 countries)","Thousand TOE (tonnes of oil equivalent)","All products","Gross inland consumption","1,277,624.9",""
"2008","Euro area (19 countries)","Terajoule","All products","Gross inland consumption","53,491,600",""
"2008","Belgium","Thousand TOE (tonnes of oil equivalent)","All products","Gross inland consumption","59,374.4",""
"2008","Belgium","Terajoule","All products","Gross inland consumption","2,485,887",""
"2008","Bulgaria","Thousand TOE (tonnes of oil equivalent)","All products","Gross inland consumption","19,926.4",""
"2008","Bulgaria","Terajoule","All products","Gross inland consumption","834,277",""
"2008","Czech Republic","Thousand TOE (tonnes of oil equivalent)","All products","Gross inland consumption","45,289.2",""
"2008","Czech Republic","Terajoule","All products","Gross inland consumption","1,896,169",""
"2008","Denmark","Thousand TOE (tonnes of oil equivalent)","All products","Gross inland consumption","19,678.1",""
"2008","Denmark","Terajoule","All products","Gross inland consumption","823,883",""
"2008","Germany (until 1990 former territory of the FRG)","Thousand TOE (tonnes of oil equivalent)","All products","Gross inland consumption","337,812.9",""
"2008","Germany (until 1990 former territory of the FRG)","Terajoule","All products","Gross inland consumption","14,143,549",""
"2008","Estonia","Thousand TOE (tonnes of oil equivalent)","All products","Gross inland consumption","5,943.8",""
"2008","Estonia","Terajoule","All products","Gross inland consumption","248,855",""
"2008","Ireland","Thousand TOE (tonnes of oil equivalent)","All products","Gross inland consumption","15,710.6",""
"2008","Ireland","Terajoule","All products","Gross inland consumption","657,772",""
"2008","Greece","Thousand TOE (tonnes of oil equivalent)","All products","Gross inland consumption","31,836.4",""
"2008","Greece","Terajoule","All products","Gross inland consumption","1,332,927",""
"2008","Spain","Thousand TOE (tonnes of oil equivalent)","All products","Gross inland consumption","141,778.9",""
"2008","Spain","Terajoule","All products","Gross inland consumption","5,935,999",""
"2008","France","Thousand TOE (tonnes of oil equivalent)","All products","Gross inland consumption","271,249.3",""
"2008","France","Terajoule","All products","Gross inland consumption","11,356,666",""
"2008","Croatia","Thousand TOE (tonnes of oil equivalent)","All products","Gross inland consumption","9,857.2",""
"2008","Croatia","Terajoule","All products","Gross inland consumption","412,702",""
"2008","Italy","Thousand TOE (tonnes of oil equivalent)","All products","Gross inland consumption","186,337.1",""
"2008","Italy","Terajoule","All products","Gross inland consumption","7,801,562",""
"2008","Cyprus","Thousand TOE (tonnes of oil equivalent)","All products","Gross inland consumption","2,897.2",""
"2008","Cyprus","Terajoule","All products","Gross inland consumption","121,301",""
"2008","Latvia","Thousand TOE (tonnes of oil equivalent)","All products","Gross inland consumption","4,694.4",""
"2008","Latvia","Terajoule","All products","Gross inland consumption","196,543",""
"2008","Lithuania","Thousand TOE (tonnes of oil equivalent)","All products","Gross inland consumption","9,278.5",""
"2008","Lithuania","Terajoule","All products","Gross inland consumption","388,473",""
"2008","Luxembourg","Thousand TOE (tonnes of oil equivalent)","All products","Gross inland consumption","4,631.6",""
"2008","Luxembourg","Terajoule","All products","Gross inland consumption","193,915",""
"2008","Hungary","Thousand TOE (tonnes of oil equivalent)","All products","Gross inland consumption","26,629.6",""
"2008","Hungary","Terajoule","All products","Gross inland consumption","1,114,930",""
"2008","Malta","Thousand TOE (tonnes of oil equivalent)","All products","Gross inland consumption","967.7",""
"2008","Malta","Terajoule","All products","Gross inland consumption","40,517",""
"2008","Netherlands","Thousand TOE (tonnes of oil equivalent)","All products","Gross inland consumption","83,414.7",""
"2008","Netherlands","Terajoule","All products","Gross inland consumption","3,492,408",""
"2008","Austria","Thousand TOE (tonnes of oil equivalent)","All products","Gross inland consumption","34,222.1",""
"2008","Austria","Terajoule","All products","Gross inland consumption","1,432,810",""
"2008","Poland","Thousand TOE (tonnes of oil equivalent)","All products","Gross inland consumption","97,893.2",""
"2008","Poland","Terajoule","All products","Gross inland consumption","4,098,591",""
"2008","Portugal","Thousand TOE (tonnes of oil equivalent)","All products","Gross inland consumption","25,413.9",""
"2008","Portugal","Terajoule","All products","Gross inland consumption","1,064,031",""
"2008","Romania","Thousand TOE (tonnes of oil equivalent)","All products","Gross inland consumption","40,276.6",""
"2008","Romania","Terajoule","All products","Gross inland consumption","1,686,301",""
"2008","Slovenia","Thousand TOE (tonnes of oil equivalent)","All products","Gross inland consumption","7,756.2",""
"2008","Slovenia","Terajoule","All products","Gross inland consumption","324,735",""
"2008","Slovakia","Thousand TOE (tonnes of oil equivalent)","All products","Gross inland consumption","18,297.6",""
"2008","Slovakia","Terajoule","All products","Gross inland consumption","766,084",""
"2008","Finland","Thousand TOE (tonnes of oil equivalent)","All products","Gross inland consumption","36,007.6",""
"2008","Finland","Terajoule","All products","Gross inland consumption","1,507,566",""
"2008","Sweden","Thousand TOE (tonnes of oil equivalent)","All products","Gross inland consumption","49,306.4",""
"2008","Sweden","Terajoule","All products","Gross inland consumption","2,064,362",""
"2008","United Kingdom","Thousand TOE (tonnes of oil equivalent)","All products","Gross inland consumption","219,135.2",""
"2008","United Kingdom","Terajoule","All products","Gross inland consumption","9,174,751",""
"2008","Iceland","Thousand TOE (tonnes of oil equivalent)","All products","Gross inland consumption","5,654.1",""
"2008","Iceland","Terajoule","All products","Gross inland consumption","236,726",""
"2008","Norway","Thousand TOE (tonnes of oil equivalent)","All products","Gross inland consumption","32,587.5",""
"2008","Norway","Terajoule","All products","Gross inland consumption","1,364,373",""
"2008","Montenegro","Thousand TOE (tonnes of oil equivalent)","All products","Gross inland consumption","1,289.2",""
"2008","Montenegro","Terajoule","All products","Gross inland consumption","53,976",""
"2008","Former Yugoslav Republic of Macedonia, the","Thousand TOE (tonnes of oil equivalent)","All products","Gross inland consumption","2,944.7",""
"2008","Former Yugoslav Republic of Macedonia, the","Terajoule","All products","Gross inland consumption","123,288",""
"2008","Albania","Thousand TOE (tonnes of oil equivalent)","All products","Gross inland consumption","2,094.7",""
"2008","Albania","Terajoule","All products","Gross inland consumption","87,702",""
"2008","Serbia","Thousand TOE (tonnes of oil equivalent)","All products","Gross inland consumption","16,699.6",""
"2008","Serbia","Terajoule","All products","Gross inland consumption","699,179",""
"2008","Turkey","Thousand TOE (tonnes of oil equivalent)","All products","Gross inland consumption","100,192.0",""
"2008","Turkey","Terajoule","All products","Gross inland consumption","4,194,839",""
"2008","Kosovo (under United Nations Security Council Resolution 1244/99)","Thousand TOE (tonnes of oil equivalent)","All products","Gross inland consumption","2,219.3",""
"2008","Kosovo (under United Nations Security Council Resolution 1244/99)","Terajoule","All products","Gross inland consumption","92,919",""
"2008","Moldova","Thousand TOE (tonnes of oil equivalent)","All products","Gross inland consumption","3,383.1",""
"2008","Moldova","Terajoule","All products","Gross inland consumption","141,645",""
"2008","Ukraine","Thousand TOE (tonnes of oil equivalent)","All products","Gross inland consumption","135,032.4",""
"2008","Ukraine","Terajoule","All products","Gross inland consumption","5,653,537",""
"2009","European Union (28 countries)","Thousand TOE (tonnes of oil equivalent)","All products","Gross inland consumption","1,701,440.8",""
"2009","European Union (28 countries)","Terajoule","All products","Gross inland consumption","71,235,923",""
"2009","Euro area (19 countries)","Thousand TOE (tonnes of oil equivalent)","All products","Gross inland consumption","1,205,585.5",""
"2009","Euro area (19 countries)","Terajoule","All products","Gross inland consumption","50,475,455",""
"2009","Belgium","Thousand TOE (tonnes of oil equivalent)","All products","Gross inland consumption","56,829.1",""
"2009","Belgium","Terajoule","All products","Gross inland consumption","2,379,322",""
"2009","Bulgaria","Thousand TOE (tonnes of oil equivalent)","All products","Gross inland consumption","17,503.9",""
"2009","Bulgaria","Terajoule","All products","Gross inland consumption","732,855",""
"2009","Czech Republic","Thousand TOE (tonnes of oil equivalent)","All products","Gross inland consumption","42,467.9",""
"2009","Czech Republic","Terajoule","All products","Gross inland consumption","1,778,046",""
"2009","Denmark","Thousand TOE (tonnes of oil equivalent)","All products","Gross inland consumption","18,910.0",""
"2009","Denmark","Terajoule","All products","Gross inland consumption","791,726",""
"2009","Germany (until 1990 former territory of the FRG)","Thousand TOE (tonnes of oil equivalent)","All products","Gross inland consumption","317,192.1",""
"2009","Germany (until 1990 former territory of the FRG)","Terajoule","All products","Gross inland consumption","13,280,198",""
"2009","Estonia","Thousand TOE (tonnes of oil equivalent)","All products","Gross inland consumption","5,353.4",""
"2009","Estonia","Terajoule","All products","Gross inland consumption","224,138",""
"2009","Ireland","Thousand TOE (tonnes of oil equivalent)","All products","Gross inland consumption","14,838.5",""
"2009","Ireland","Terajoule","All products","Gross inland consumption","621,260",""
"2009","Greece","Thousand TOE (tonnes of oil equivalent)","All products","Gross inland consumption","30,605.4",""
"2009","Greece","Terajoule","All products","Gross inland consumption","1,281,385",""
"2009","Spain","Thousand TOE (tonnes of oil equivalent)","All products","Gross inland consumption","130,526.5",""
"2009","Spain","Terajoule","All products","Gross inland consumption","5,464,882",""
"2009","France","Thousand TOE (tonnes of oil equivalent)","All products","Gross inland consumption","259,299.6",""
"2009","France","Terajoule","All products","Gross inland consumption","10,856,357",""
"2009","Croatia","Thousand TOE (tonnes of oil equivalent)","All products","Gross inland consumption","9,526.5",""
"2009","Croatia","Terajoule","All products","Gross inland consumption","398,856",""
"2009","Italy","Thousand TOE (tonnes of oil equivalent)","All products","Gross inland consumption","173,731.5",""
"2009","Italy","Terajoule","All products","Gross inland consumption","7,273,790",""
"2009","Cyprus","Thousand TOE (tonnes of oil equivalent)","All products","Gross inland consumption","2,817.4",""
"2009","Cyprus","Terajoule","All products","Gross inland consumption","117,959",""
"2009","Latvia","Thousand TOE (tonnes of oil equivalent)","All products","Gross inland consumption","4,509.4",""
"2009","Latvia","Terajoule","All products","Gross inland consumption","188,799",""
"2009","Lithuania","Thousand TOE (tonnes of oil equivalent)","All products","Gross inland consumption","8,473.8",""
"2009","Lithuania","Terajoule","All products","Gross inland consumption","354,780",""
"2009","Luxembourg","Thousand TOE (tonnes of oil equivalent)","All products","Gross inland consumption","4,364.3",""
"2009","Luxembourg","Terajoule","All products","Gross inland consumption","182,724",""
"2009","Hungary","Thousand TOE (tonnes of oil equivalent)","All products","Gross inland consumption","25,158.7",""
"2009","Hungary","Terajoule","All products","Gross inland consumption","1,053,343",""
"2009","Malta","Thousand TOE (tonnes of oil equivalent)","All products","Gross inland consumption","870.4",""
"2009","Malta","Terajoule","All products","Gross inland consumption","36,441",""
"2009","Netherlands","Thousand TOE (tonnes of oil equivalent)","All products","Gross inland consumption","81,161.5",""
"2009","Netherlands","Terajoule","All products","Gross inland consumption","3,398,069",""
"2009","Austria","Thousand TOE (tonnes of oil equivalent)","All products","Gross inland consumption","32,183.9",""
"2009","Austria","Terajoule","All products","Gross inland consumption","1,347,476",""
"2009","Poland","Thousand TOE (tonnes of oil equivalent)","All products","Gross inland consumption","94,489.4",""
"2009","Poland","Terajoule","All products","Gross inland consumption","3,956,081",""
"2009","Portugal","Thousand TOE (tonnes of oil equivalent)","All products","Gross inland consumption","25,067.9",""
"2009","Portugal","Terajoule","All products","Gross inland consumption","1,049,542",""
"2009","Romania","Thousand TOE (tonnes of oil equivalent)","All products","Gross inland consumption","35,554.7",""
"2009","Romania","Terajoule","All products","Gross inland consumption","1,488,606",""
"2009","Slovenia","Thousand TOE (tonnes of oil equivalent)","All products","Gross inland consumption","7,054.1",""
"2009","Slovenia","Terajoule","All products","Gross inland consumption","295,340",""
"2009","Slovakia","Thousand TOE (tonnes of oil equivalent)","All products","Gross inland consumption","16,770.1",""
"2009","Slovakia","Terajoule","All products","Gross inland consumption","702,132",""
"2009","Finland","Thousand TOE (tonnes of oil equivalent)","All products","Gross inland consumption","33,936.7",""
"2009","Finland","Terajoule","All products","Gross inland consumption","1,420,863",""
"2009","Sweden","Thousand TOE (tonnes of oil equivalent)","All products","Gross inland consumption","45,454.2",""
"2009","Sweden","Terajoule","All products","Gross inland consumption","1,903,075",""
"2009","United Kingdom","Thousand TOE (tonnes of oil equivalent)","All products","Gross inland consumption","206,790.0",""
"2009","United Kingdom","Terajoule","All products","Gross inland consumption","8,657,882",""
"2009","Iceland","Thousand TOE (tonnes of oil equivalent)","All products","Gross inland consumption","5,832.0",""
"2009","Iceland","Terajoule","All products","Gross inland consumption","244,176",""
"2009","Norway","Thousand TOE (tonnes of oil equivalent)","All products","Gross inland consumption","31,673.4",""
"2009","Norway","Terajoule","All products","Gross inland consumption","1,326,103",""
"2009","Montenegro","Thousand TOE (tonnes of oil equivalent)","All products","Gross inland consumption","1,018.7",""
"2009","Montenegro","Terajoule","All products","Gross inland consumption","42,652",""
"2009","Former Yugoslav Republic of Macedonia, the","Thousand TOE (tonnes of oil equivalent)","All products","Gross inland consumption","2,756.8",""
"2009","Former Yugoslav Republic of Macedonia, the","Terajoule","All products","Gross inland consumption","115,420",""
"2009","Albania","Thousand TOE (tonnes of oil equivalent)","All products","Gross inland consumption","2,128.0",""
"2009","Albania","Terajoule","All products","Gross inland consumption","89,095",""
"2009","Serbia","Thousand TOE (tonnes of oil equivalent)","All products","Gross inland consumption","15,212.8",""
"2009","Serbia","Terajoule","All products","Gross inland consumption","636,929",""
"2009","Turkey","Thousand TOE (tonnes of oil equivalent)","All products","Gross inland consumption","100,030.9",""
"2009","Turkey","Terajoule","All products","Gross inland consumption","4,188,093",""
"2009","Kosovo (under United Nations Security Council Resolution 1244/99)","Thousand TOE (tonnes of oil equivalent)","All products","Gross inland consumption","2,458.5",""
"2009","Kosovo (under United Nations Security Council Resolution 1244/99)","Terajoule","All products","Gross inland consumption","102,931",""
"2009","Moldova","Thousand TOE (tonnes of oil equivalent)","All products","Gross inland consumption","3,216.2",""
"2009","Moldova","Terajoule","All products","Gross inland consumption","134,658",""
"2009","Ukraine","Thousand TOE (tonnes of oil equivalent)","All products","Gross inland consumption","114,436.0",""
"2009","Ukraine","Terajoule","All products","Gross inland consumption","4,791,205",""
"2010","European Union (28 countries)","Thousand TOE (tonnes of oil equivalent)","All products","Gross inland consumption","1,763,495.1",""
"2010","European Union (28 countries)","Terajoule","All products","Gross inland consumption","73,834,015",""
"2010","Euro area (19 countries)","Thousand TOE (tonnes of oil equivalent)","All products","Gross inland consumption","1,246,609.4",""
"2010","Euro area (19 countries)","Terajoule","All products","Gross inland consumption","52,193,041",""
"2010","Belgium","Thousand TOE (tonnes of oil equivalent)","All products","Gross inland consumption","61,168.9",""
"2010","Belgium","Terajoule","All products","Gross inland consumption","2,561,021",""
"2010","Bulgaria","Thousand TOE (tonnes of oil equivalent)","All products","Gross inland consumption","17,774.1",""
"2010","Bulgaria","Terajoule","All products","Gross inland consumption","744,166",""
"2010","Czech Republic","Thousand TOE (tonnes of oil equivalent)","All products","Gross inland consumption","44,671.2",""
"2010","Czech Republic","Terajoule","All products","Gross inland consumption","1,870,293",""
"2010","Denmark","Thousand TOE (tonnes of oil equivalent)","All products","Gross inland consumption","20,044.1",""
"2010","Denmark","Terajoule","All products","Gross inland consumption","839,207",""
"2010","Germany (until 1990 former territory of the FRG)","Thousand TOE (tonnes of oil equivalent)","All products","Gross inland consumption","332,968.2",""
"2010","Germany (until 1990 former territory of the FRG)","Terajoule","All products","Gross inland consumption","13,940,711",""
"2010","Estonia","Thousand TOE (tonnes of oil equivalent)","All products","Gross inland consumption","6,150.1",""
"2010","Estonia","Terajoule","All products","Gross inland consumption","257,493",""
"2010","Ireland","Thousand TOE (tonnes of oil equivalent)","All products","Gross inland consumption","15,165.4",""
"2010","Ireland","Terajoule","All products","Gross inland consumption","634,946",""
"2010","Greece","Thousand TOE (tonnes of oil equivalent)","All products","Gross inland consumption","28,838.0",""
"2010","Greece","Terajoule","All products","Gross inland consumption","1,207,390",""
"2010","Spain","Thousand TOE (tonnes of oil equivalent)","All products","Gross inland consumption","130,253.3",""
"2010","Spain","Terajoule","All products","Gross inland consumption","5,453,446",""
"2010","France","Thousand TOE (tonnes of oil equivalent)","All products","Gross inland consumption","267,089.2",""
"2010","France","Terajoule","All products","Gross inland consumption","11,182,489",""
"2010","Croatia","Thousand TOE (tonnes of oil equivalent)","All products","Gross inland consumption","9,426.8",""
"2010","Croatia","Terajoule","All products","Gross inland consumption","394,682",""
"2010","Italy","Thousand TOE (tonnes of oil equivalent)","All products","Gross inland consumption","177,925.4",""
"2010","Italy","Terajoule","All products","Gross inland consumption","7,449,381",""
"2010","Cyprus","Thousand TOE (tonnes of oil equivalent)","All products","Gross inland consumption","2,739.6",""
"2010","Cyprus","Terajoule","All products","Gross inland consumption","114,700",""
"2010","Latvia","Thousand TOE (tonnes of oil equivalent)","All products","Gross inland consumption","4,629.3",""
"2010","Latvia","Terajoule","All products","Gross inland consumption","193,822",""
"2010","Lithuania","Thousand TOE (tonnes of oil equivalent)","All products","Gross inland consumption","6,787.5",""
"2010","Lithuania","Terajoule","All products","Gross inland consumption","284,178",""
"2010","Luxembourg","Thousand TOE (tonnes of oil equivalent)","All products","Gross inland consumption","4,641.0",""
"2010","Luxembourg","Terajoule","All products","Gross inland consumption","194,307",""
"2010","Hungary","Thousand TOE (tonnes of oil equivalent)","All products","Gross inland consumption","25,234.3",""
"2010","Hungary","Terajoule","All products","Gross inland consumption","1,056,512",""
"2010","Malta","Thousand TOE (tonnes of oil equivalent)","All products","Gross inland consumption","935.7",""
"2010","Malta","Terajoule","All products","Gross inland consumption","39,174",""
"2010","Netherlands","Thousand TOE (tonnes of oil equivalent)","All products","Gross inland consumption","86,349.2",""
"2010","Netherlands","Terajoule","All products","Gross inland consumption","3,615,269",""
"2010","Austria","Thousand TOE (tonnes of oil equivalent)","All products","Gross inland consumption","34,349.7",""
"2010","Austria","Terajoule","All products","Gross inland consumption","1,438,151",""
"2010","Poland","Thousand TOE (tonnes of oil equivalent)","All products","Gross inland consumption","100,678.0",""
"2010","Poland","Terajoule","All products","Gross inland consumption","4,215,186",""
"2010","Portugal","Thousand TOE (tonnes of oil equivalent)","All products","Gross inland consumption","24,282.4",""
"2010","Portugal","Terajoule","All products","Gross inland consumption","1,016,655",""
"2010","Romania","Thousand TOE (tonnes of oil equivalent)","All products","Gross inland consumption","35,799.6",""
"2010","Romania","Terajoule","All products","Gross inland consumption","1,498,857",""
"2010","Slovenia","Thousand TOE (tonnes of oil equivalent)","All products","Gross inland consumption","7,343.3",""
"2010","Slovenia","Terajoule","All products","Gross inland consumption","307,447",""
"2010","Slovakia","Thousand TOE (tonnes of oil equivalent)","All products","Gross inland consumption","17,854.9",""
"2010","Slovakia","Terajoule","All products","Gross inland consumption","747,550",""
"2010","Finland","Thousand TOE (tonnes of oil equivalent)","All products","Gross inland consumption","37,138.4",""
"2010","Finland","Terajoule","All products","Gross inland consumption","1,554,910",""
"2010","Sweden","Thousand TOE (tonnes of oil equivalent)","All products","Gross inland consumption","50,783.1",""
"2010","Sweden","Terajoule","All products","Gross inland consumption","2,126,187",""
"2010","United Kingdom","Thousand TOE (tonnes of oil equivalent)","All products","Gross inland consumption","212,474.6",""
"2010","United Kingdom","Terajoule","All products","Gross inland consumption","8,895,884",""
"2010","Iceland","Thousand TOE (tonnes of oil equivalent)","All products","Gross inland consumption","5,860.9",""
"2010","Iceland","Terajoule","All products","Gross inland consumption","245,385",""
"2010","Norway","Thousand TOE (tonnes of oil equivalent)","All products","Gross inland consumption","34,338.3",""
"2010","Norway","Terajoule","All products","Gross inland consumption","1,437,677",""
"2010","Montenegro","Thousand TOE (tonnes of oil equivalent)","All products","Gross inland consumption","1,176.5",""
"2010","Montenegro","Terajoule","All products","Gross inland consumption","49,256",""
"2010","Former Yugoslav Republic of Macedonia, the","Thousand TOE (tonnes of oil equivalent)","All products","Gross inland consumption","2,833.6",""
"2010","Former Yugoslav Republic of Macedonia, the","Terajoule","All products","Gross inland consumption","118,639",""
"2010","Albania","Thousand TOE (tonnes of oil equivalent)","All products","Gross inland consumption","2,137.0",""
"2010","Albania","Terajoule","All products","Gross inland consumption","89,472",""
"2010","Serbia","Thousand TOE (tonnes of oil equivalent)","All products","Gross inland consumption","15,591.9",""
"2010","Serbia","Terajoule","All products","Gross inland consumption","652,801",""
"2010","Turkey","Thousand TOE (tonnes of oil equivalent)","All products","Gross inland consumption","106,866.0",""
"2010","Turkey","Terajoule","All products","Gross inland consumption","4,474,266",""
"2010","Kosovo (under United Nations Security Council Resolution 1244/99)","Thousand TOE (tonnes of oil equivalent)","All products","Gross inland consumption","2,516.5",""
"2010","Kosovo (under United Nations Security Council Resolution 1244/99)","Terajoule","All products","Gross inland consumption","105,360",""
"2010","Moldova","Thousand TOE (tonnes of oil equivalent)","All products","Gross inland consumption","3,547.4",""
"2010","Moldova","Terajoule","All products","Gross inland consumption","148,524",""
"2010","Ukraine","Thousand TOE (tonnes of oil equivalent)","All products","Gross inland consumption","132,588.6",""
"2010","Ukraine","Terajoule","All products","Gross inland consumption","5,551,218",""
"2011","European Union (28 countries)","Thousand TOE (tonnes of oil equivalent)","All products","Gross inland consumption","1,697,860.3",""
"2011","European Union (28 countries)","Terajoule","All products","Gross inland consumption","71,086,017",""
"2011","Euro area (19 countries)","Thousand TOE (tonnes of oil equivalent)","All products","Gross inland consumption","1,197,950.0",""
"2011","Euro area (19 countries)","Terajoule","All products","Gross inland consumption","50,155,770",""
"2011","Belgium","Thousand TOE (tonnes of oil equivalent)","All products","Gross inland consumption","56,960.0",""
"2011","Belgium","Terajoule","All products","Gross inland consumption","2,384,799",""
"2011","Bulgaria","Thousand TOE (tonnes of oil equivalent)","All products","Gross inland consumption","19,095.4",""
"2011","Bulgaria","Terajoule","All products","Gross inland consumption","799,486",""
"2011","Czech Republic","Thousand TOE (tonnes of oil equivalent)","All products","Gross inland consumption","43,027.0",""
"2011","Czech Republic","Terajoule","All products","Gross inland consumption","1,801,453",""
"2011","Denmark","Thousand TOE (tonnes of oil equivalent)","All products","Gross inland consumption","18,603.0",""
"2011","Denmark","Terajoule","All products","Gross inland consumption","778,869",""
"2011","Germany (until 1990 former territory of the FRG)","Thousand TOE (tonnes of oil equivalent)","All products","Gross inland consumption","316,732.3",""
"2011","Germany (until 1990 former territory of the FRG)","Terajoule","All products","Gross inland consumption","13,260,949",""
"2011","Estonia","Thousand TOE (tonnes of oil equivalent)","All products","Gross inland consumption","6,181.6",""
"2011","Estonia","Terajoule","All products","Gross inland consumption","258,813",""
"2011","Ireland","Thousand TOE (tonnes of oil equivalent)","All products","Gross inland consumption","13,858.3",""
"2011","Ireland","Terajoule","All products","Gross inland consumption","580,221",""
"2011","Greece","Thousand TOE (tonnes of oil equivalent)","All products","Gross inland consumption","27,897.2",""
"2011","Greece","Terajoule","All products","Gross inland consumption","1,168,000",""
"2011","Spain","Thousand TOE (tonnes of oil equivalent)","All products","Gross inland consumption","128,496.3",""
"2011","Spain","Terajoule","All products","Gross inland consumption","5,379,883",""
"2011","France","Thousand TOE (tonnes of oil equivalent)","All products","Gross inland consumption","257,543.1",""
"2011","France","Terajoule","All products","Gross inland consumption","10,782,815",""
"2011","Croatia","Thousand TOE (tonnes of oil equivalent)","All products","Gross inland consumption","9,301.4",""
"2011","Croatia","Terajoule","All products","Gross inland consumption","389,431",""
"2011","Italy","Thousand TOE (tonnes of oil equivalent)","All products","Gross inland consumption","172,477.7",""
"2011","Italy","Terajoule","All products","Gross inland consumption","7,221,298",""
"2011","Cyprus","Thousand TOE (tonnes of oil equivalent)","All products","Gross inland consumption","2,690.1",""
"2011","Cyprus","Terajoule","All products","Gross inland consumption","112,629",""
"2011","Latvia","Thousand TOE (tonnes of oil equivalent)","All products","Gross inland consumption","4,376.4",""
"2011","Latvia","Terajoule","All products","Gross inland consumption","183,230",""
"2011","Lithuania","Thousand TOE (tonnes of oil equivalent)","All products","Gross inland consumption","7,008.4",""
"2011","Lithuania","Terajoule","All products","Gross inland consumption","293,428",""
"2011","Luxembourg","Thousand TOE (tonnes of oil equivalent)","All products","Gross inland consumption","4,566.5",""
"2011","Luxembourg","Terajoule","All products","Gross inland consumption","191,192",""
"2011","Hungary","Thousand TOE (tonnes of oil equivalent)","All products","Gross inland consumption","24,578.5",""
"2011","Hungary","Terajoule","All products","Gross inland consumption","1,029,051",""
"2011","Malta","Thousand TOE (tonnes of oil equivalent)","All products","Gross inland consumption","934.7",""
"2011","Malta","Terajoule","All products","Gross inland consumption","39,135",""
"2011","Netherlands","Thousand TOE (tonnes of oil equivalent)","All products","Gross inland consumption","80,682.6",""
"2011","Netherlands","Terajoule","All products","Gross inland consumption","3,378,020",""
"2011","Austria","Thousand TOE (tonnes of oil equivalent)","All products","Gross inland consumption","33,335.6",""
"2011","Austria","Terajoule","All products","Gross inland consumption","1,395,693",""
"2011","Poland","Thousand TOE (tonnes of oil equivalent)","All products","Gross inland consumption","100,816.7",""
"2011","Poland","Terajoule","All products","Gross inland consumption","4,220,993",""
"2011","Portugal","Thousand TOE (tonnes of oil equivalent)","All products","Gross inland consumption","23,626.2",""
"2011","Portugal","Terajoule","All products","Gross inland consumption","989,181",""
"2011","Romania","Thousand TOE (tonnes of oil equivalent)","All products","Gross inland consumption","36,558.4",""
"2011","Romania","Terajoule","All products","Gross inland consumption","1,530,629",""
"2011","Slovenia","Thousand TOE (tonnes of oil equivalent)","All products","Gross inland consumption","7,333.0",""
"2011","Slovenia","Terajoule","All products","Gross inland consumption","307,018",""
"2011","Slovakia","Thousand TOE (tonnes of oil equivalent)","All products","Gross inland consumption","17,392.1",""
"2011","Slovakia","Terajoule","All products","Gross inland consumption","728,173",""
"2011","Finland","Thousand TOE (tonnes of oil equivalent)","All products","Gross inland consumption","35,857.7",""
"2011","Finland","Terajoule","All products","Gross inland consumption","1,501,291",""
"2011","Sweden","Thousand TOE (tonnes of oil equivalent)","All products","Gross inland consumption","49,711.3",""
"2011","Sweden","Terajoule","All products","Gross inland consumption","2,081,312",""
"2011","United Kingdom","Thousand TOE (tonnes of oil equivalent)","All products","Gross inland consumption","198,218.8",""
"2011","United Kingdom","Terajoule","All products","Gross inland consumption","8,299,023",""
"2011","Iceland","Thousand TOE (tonnes of oil equivalent)","All products","Gross inland consumption","6,269.7",""
"2011","Iceland","Terajoule","All products","Gross inland consumption","262,501",""
"2011","Norway","Thousand TOE (tonnes of oil equivalent)","All products","Gross inland consumption","28,427.5",""
"2011","Norway","Terajoule","All products","Gross inland consumption","1,190,204",""
"2011","Montenegro","Thousand TOE (tonnes of oil equivalent)","All products","Gross inland consumption","1,135.3",""
"2011","Montenegro","Terajoule","All products","Gross inland consumption","47,534",""
"2011","Former Yugoslav Republic of Macedonia, the","Thousand TOE (tonnes of oil equivalent)","All products","Gross inland consumption","3,078.2",""
"2011","Former Yugoslav Republic of Macedonia, the","Terajoule","All products","Gross inland consumption","128,879",""
"2011","Albania","Thousand TOE (tonnes of oil equivalent)","All products","Gross inland consumption","2,257.5",""
"2011","Albania","Terajoule","All products","Gross inland consumption","94,518",""
"2011","Serbia","Thousand TOE (tonnes of oil equivalent)","All products","Gross inland consumption","16,196.6",""
"2011","Serbia","Terajoule","All products","Gross inland consumption","678,119",""
"2011","Turkey","Thousand TOE (tonnes of oil equivalent)","All products","Gross inland consumption","113,878.9",""
"2011","Turkey","Terajoule","All products","Gross inland consumption","4,767,881",""
"2011","Kosovo (under United Nations Security Council Resolution 1244/99)","Thousand TOE (tonnes of oil equivalent)","All products","Gross inland consumption","2,541.7",""
"2011","Kosovo (under United Nations Security Council Resolution 1244/99)","Terajoule","All products","Gross inland consumption","106,415",""
"2011","Moldova","Thousand TOE (tonnes of oil equivalent)","All products","Gross inland consumption","3,494.8",""
"2011","Moldova","Terajoule","All products","Gross inland consumption","146,320",""
"2011","Ukraine","Thousand TOE (tonnes of oil equivalent)","All products","Gross inland consumption","126,392.5",""
"2011","Ukraine","Terajoule","All products","Gross inland consumption","5,291,801",""
"2012","European Union (28 countries)","Thousand TOE (tonnes of oil equivalent)","All products","Gross inland consumption","1,684,462.9",""
"2012","European Union (28 countries)","Terajoule","All products","Gross inland consumption","70,525,092",""
"2012","Euro area (19 countries)","Thousand TOE (tonnes of oil equivalent)","All products","Gross inland consumption","1,186,861.2",""
"2012","Euro area (19 countries)","Terajoule","All products","Gross inland consumption","49,691,507",""
"2012","Belgium","Thousand TOE (tonnes of oil equivalent)","All products","Gross inland consumption","54,645.9",""
"2012","Belgium","Terajoule","All products","Gross inland consumption","2,287,913",""
"2012","Bulgaria","Thousand TOE (tonnes of oil equivalent)","All products","Gross inland consumption","18,233.1",""
"2012","Bulgaria","Terajoule","All products","Gross inland consumption","763,384",""
"2012","Czech Republic","Thousand TOE (tonnes of oil equivalent)","All products","Gross inland consumption","42,806.0",""
"2012","Czech Republic","Terajoule","All products","Gross inland consumption","1,792,200",""
"2012","Denmark","Thousand TOE (tonnes of oil equivalent)","All products","Gross inland consumption","17,937.4",""
"2012","Denmark","Terajoule","All products","Gross inland consumption","751,002",""
"2012","Germany (until 1990 former territory of the FRG)","Thousand TOE (tonnes of oil equivalent)","All products","Gross inland consumption","318,619.0",""
"2012","Germany (until 1990 former territory of the FRG)","Terajoule","All products","Gross inland consumption","13,339,939",""
"2012","Estonia","Thousand TOE (tonnes of oil equivalent)","All products","Gross inland consumption","6,116.3",""
"2012","Estonia","Terajoule","All products","Gross inland consumption","256,076",""
"2012","Ireland","Thousand TOE (tonnes of oil equivalent)","All products","Gross inland consumption","13,755.0",""
"2012","Ireland","Terajoule","All products","Gross inland consumption","575,893",""
"2012","Greece","Thousand TOE (tonnes of oil equivalent)","All products","Gross inland consumption","27,650.1",""
"2012","Greece","Terajoule","All products","Gross inland consumption","1,157,654",""
"2012","Spain","Thousand TOE (tonnes of oil equivalent)","All products","Gross inland consumption","128,089.5",""
"2012","Spain","Terajoule","All products","Gross inland consumption","5,362,851",""
"2012","France","Thousand TOE (tonnes of oil equivalent)","All products","Gross inland consumption","257,793.0",""
"2012","France","Terajoule","All products","Gross inland consumption","10,793,278",""
"2012","Croatia","Thousand TOE (tonnes of oil equivalent)","All products","Gross inland consumption","8,864.0",""
"2012","Croatia","Terajoule","All products","Gross inland consumption","371,120",""
"2012","Italy","Thousand TOE (tonnes of oil equivalent)","All products","Gross inland consumption","165,682.8",""
"2012","Italy","Terajoule","All products","Gross inland consumption","6,936,808",""
"2012","Cyprus","Thousand TOE (tonnes of oil equivalent)","All products","Gross inland consumption","2,514.8",""
"2012","Cyprus","Terajoule","All products","Gross inland consumption","105,289",""
"2012","Latvia","Thousand TOE (tonnes of oil equivalent)","All products","Gross inland consumption","4,537.6",""
"2012","Latvia","Terajoule","All products","Gross inland consumption","189,979",""
"2012","Lithuania","Thousand TOE (tonnes of oil equivalent)","All products","Gross inland consumption","7,095.4",""
"2012","Lithuania","Terajoule","All products","Gross inland consumption","297,069",""
"2012","Luxembourg","Thousand TOE (tonnes of oil equivalent)","All products","Gross inland consumption","4,462.5",""
"2012","Luxembourg","Terajoule","All products","Gross inland consumption","186,837",""
"2012","Hungary","Thousand TOE (tonnes of oil equivalent)","All products","Gross inland consumption","23,018.2",""
"2012","Hungary","Terajoule","All products","Gross inland consumption","963,727",""
"2012","Malta","Thousand TOE (tonnes of oil equivalent)","All products","Gross inland consumption","978.1",""
"2012","Malta","Terajoule","All products","Gross inland consumption","40,952",""
"2012","Netherlands","Thousand TOE (tonnes of oil equivalent)","All products","Gross inland consumption","81,003.6",""
"2012","Netherlands","Terajoule","All products","Gross inland consumption","3,391,458",""
"2012","Austria","Thousand TOE (tonnes of oil equivalent)","All products","Gross inland consumption","33,216.3",""
"2012","Austria","Terajoule","All products","Gross inland consumption","1,390,699",""
"2012","Poland","Thousand TOE (tonnes of oil equivalent)","All products","Gross inland consumption","97,579.0",""
"2012","Poland","Terajoule","All products","Gross inland consumption","4,085,437",""
"2012","Portugal","Thousand TOE (tonnes of oil equivalent)","All products","Gross inland consumption","22,249.1",""
"2012","Portugal","Terajoule","All products","Gross inland consumption","931,525",""
"2012","Romania","Thousand TOE (tonnes of oil equivalent)","All products","Gross inland consumption","35,373.2",""
"2012","Romania","Terajoule","All products","Gross inland consumption","1,481,007",""
"2012","Slovenia","Thousand TOE (tonnes of oil equivalent)","All products","Gross inland consumption","7,050.8",""
"2012","Slovenia","Terajoule","All products","Gross inland consumption","295,201",""
"2012","Slovakia","Thousand TOE (tonnes of oil equivalent)","All products","Gross inland consumption","16,692.4",""
"2012","Slovakia","Terajoule","All products","Gross inland consumption","698,878",""
"2012","Finland","Thousand TOE (tonnes of oil equivalent)","All products","Gross inland consumption","34,709.3",""
"2012","Finland","Terajoule","All products","Gross inland consumption","1,453,208",""
"2012","Sweden","Thousand TOE (tonnes of oil equivalent)","All products","Gross inland consumption","49,807.2",""
"2012","Sweden","Terajoule","All products","Gross inland consumption","2,085,329",""
"2012","United Kingdom","Thousand TOE (tonnes of oil equivalent)","All products","Gross inland consumption","203,983.5",""
"2012","United Kingdom","Terajoule","All products","Gross inland consumption","8,540,380",""
"2012","Iceland","Thousand TOE (tonnes of oil equivalent)","All products","Gross inland consumption","5,803.5",""
"2012","Iceland","Terajoule","All products","Gross inland consumption","242,981",""
"2012","Norway","Thousand TOE (tonnes of oil equivalent)","All products","Gross inland consumption","30,071.7",""
"2012","Norway","Terajoule","All products","Gross inland consumption","1,259,043",""
"2012","Montenegro","Thousand TOE (tonnes of oil equivalent)","All products","Gross inland consumption","1,074.4",""
"2012","Montenegro","Terajoule","All products","Gross inland consumption","44,982",""
"2012","Former Yugoslav Republic of Macedonia, the","Thousand TOE (tonnes of oil equivalent)","All products","Gross inland consumption","2,955.2",""
"2012","Former Yugoslav Republic of Macedonia, the","Terajoule","All products","Gross inland consumption","123,729",""
"2012","Albania","Thousand TOE (tonnes of oil equivalent)","All products","Gross inland consumption","2,101.1",""
"2012","Albania","Terajoule","All products","Gross inland consumption","87,970",""
"2012","Serbia","Thousand TOE (tonnes of oil equivalent)","All products","Gross inland consumption","14,547.5",""
"2012","Serbia","Terajoule","All products","Gross inland consumption","609,073",""
"2012","Turkey","Thousand TOE (tonnes of oil equivalent)","All products","Gross inland consumption","119,775.6",""
"2012","Turkey","Terajoule","All products","Gross inland consumption","5,014,764",""
"2012","Kosovo (under United Nations Security Council Resolution 1244/99)","Thousand TOE (tonnes of oil equivalent)","All products","Gross inland consumption","2,384.1",""
"2012","Kosovo (under United Nations Security Council Resolution 1244/99)","Terajoule","All products","Gross inland consumption","99,819",""
"2012","Moldova","Thousand TOE (tonnes of oil equivalent)","All products","Gross inland consumption","3,444.6",""
"2012","Moldova","Terajoule","All products","Gross inland consumption","144,217",""
"2012","Ukraine","Thousand TOE (tonnes of oil equivalent)","All products","Gross inland consumption","122,413.7",""
"2012","Ukraine","Terajoule","All products","Gross inland consumption","5,125,219",""
"2013","European Union (28 countries)","Thousand TOE (tonnes of oil equivalent)","All products","Gross inland consumption","1,666,600.1",""
"2013","European Union (28 countries)","Terajoule","All products","Gross inland consumption","69,777,215",""
"2013","Euro area (19 countries)","Thousand TOE (tonnes of oil equivalent)","All products","Gross inland consumption","1,176,868.3",""
"2013","Euro area (19 countries)","Terajoule","All products","Gross inland consumption","49,273,120",""
"2013","Belgium","Thousand TOE (tonnes of oil equivalent)","All products","Gross inland consumption","56,520.5",""
"2013","Belgium","Terajoule","All products","Gross inland consumption","2,366,401",""
"2013","Bulgaria","Thousand TOE (tonnes of oil equivalent)","All products","Gross inland consumption","16,756.4",""
"2013","Bulgaria","Terajoule","All products","Gross inland consumption","701,559",""
"2013","Czech Republic","Thousand TOE (tonnes of oil equivalent)","All products","Gross inland consumption","42,190.0",""
"2013","Czech Republic","Terajoule","All products","Gross inland consumption","1,766,410",""
"2013","Denmark","Thousand TOE (tonnes of oil equivalent)","All products","Gross inland consumption","18,216.2",""
"2013","Denmark","Terajoule","All products","Gross inland consumption","762,675",""
"2013","Germany (until 1990 former territory of the FRG)","Thousand TOE (tonnes of oil equivalent)","All products","Gross inland consumption","324,488.8",""
"2013","Germany (until 1990 former territory of the FRG)","Terajoule","All products","Gross inland consumption","13,585,698",""
"2013","Estonia","Thousand TOE (tonnes of oil equivalent)","All products","Gross inland consumption","6,702.7",""
"2013","Estonia","Terajoule","All products","Gross inland consumption","280,629",""
"2013","Ireland","Thousand TOE (tonnes of oil equivalent)","All products","Gross inland consumption","13,698.5",""
"2013","Ireland","Terajoule","All products","Gross inland consumption","573,530",""
"2013","Greece","Thousand TOE (tonnes of oil equivalent)","All products","Gross inland consumption","24,300.4",""
"2013","Greece","Terajoule","All products","Gross inland consumption","1,017,408",""
"2013","Spain","Thousand TOE (tonnes of oil equivalent)","All products","Gross inland consumption","119,329.3",""
"2013","Spain","Terajoule","All products","Gross inland consumption","4,996,080",""
"2013","France","Thousand TOE (tonnes of oil equivalent)","All products","Gross inland consumption","258,949.9",""
"2013","France","Terajoule","All products","Gross inland consumption","10,841,713",""
"2013","Croatia","Thousand TOE (tonnes of oil equivalent)","All products","Gross inland consumption","8,585.9",""
"2013","Croatia","Terajoule","All products","Gross inland consumption","359,474",""
"2013","Italy","Thousand TOE (tonnes of oil equivalent)","All products","Gross inland consumption","159,515.0",""
"2013","Italy","Terajoule","All products","Gross inland consumption","6,678,572",""
"2013","Cyprus","Thousand TOE (tonnes of oil equivalent)","All products","Gross inland consumption","2,185.3",""
"2013","Cyprus","Terajoule","All products","Gross inland consumption","91,495",""
"2013","Latvia","Thousand TOE (tonnes of oil equivalent)","All products","Gross inland consumption","4,465.8",""
"2013","Latvia","Terajoule","All products","Gross inland consumption","186,975",""
"2013","Lithuania","Thousand TOE (tonnes of oil equivalent)","All products","Gross inland consumption","6,687.4",""
"2013","Lithuania","Terajoule","All products","Gross inland consumption","279,988",""
"2013","Luxembourg","Thousand TOE (tonnes of oil equivalent)","All products","Gross inland consumption","4,338.5",""
"2013","Luxembourg","Terajoule","All products","Gross inland consumption","181,644",""
"2013","Hungary","Thousand TOE (tonnes of oil equivalent)","All products","Gross inland consumption","22,271.8",""
"2013","Hungary","Terajoule","All products","Gross inland consumption","932,474",""
"2013","Malta","Thousand TOE (tonnes of oil equivalent)","All products","Gross inland consumption","872.8",""
"2013","Malta","Terajoule","All products","Gross inland consumption","36,543",""
"2013","Netherlands","Thousand TOE (tonnes of oil equivalent)","All products","Gross inland consumption","80,739.9",""
"2013","Netherlands","Terajoule","All products","Gross inland consumption","3,380,418",""
"2013","Austria","Thousand TOE (tonnes of oil equivalent)","All products","Gross inland consumption","33,677.6",""
"2013","Austria","Terajoule","All products","Gross inland consumption","1,410,014",""
"2013","Poland","Thousand TOE (tonnes of oil equivalent)","All products","Gross inland consumption","97,976.1",""
"2013","Poland","Terajoule","All products","Gross inland consumption","4,102,065",""
"2013","Portugal","Thousand TOE (tonnes of oil equivalent)","All products","Gross inland consumption","22,399.8",""
"2013","Portugal","Terajoule","All products","Gross inland consumption","937,834",""
"2013","Romania","Thousand TOE (tonnes of oil equivalent)","All products","Gross inland consumption","32,427.7",""
"2013","Romania","Terajoule","All products","Gross inland consumption","1,357,682",""
"2013","Slovenia","Thousand TOE (tonnes of oil equivalent)","All products","Gross inland consumption","6,873.3",""
"2013","Slovenia","Terajoule","All products","Gross inland consumption","287,773",""
"2013","Slovakia","Thousand TOE (tonnes of oil equivalent)","All products","Gross inland consumption","16,996.3",""
"2013","Slovakia","Terajoule","All products","Gross inland consumption","711,599",""
"2013","Finland","Thousand TOE (tonnes of oil equivalent)","All products","Gross inland consumption","34,126.5",""
"2013","Finland","Terajoule","All products","Gross inland consumption","1,428,807",""
"2013","Sweden","Thousand TOE (tonnes of oil equivalent)","All products","Gross inland consumption","49,134.0",""
"2013","Sweden","Terajoule","All products","Gross inland consumption","2,057,143",""
"2013","United Kingdom","Thousand TOE (tonnes of oil equivalent)","All products","Gross inland consumption","202,173.8",""
"2013","United Kingdom","Terajoule","All products","Gross inland consumption","8,464,612",""
"2013","Iceland","Thousand TOE (tonnes of oil equivalent)","All products","Gross inland consumption","6,078.5",""
"2013","Iceland","Terajoule","All products","Gross inland consumption","254,493",""
"2013","Norway","Thousand TOE (tonnes of oil equivalent)","All products","Gross inland consumption","33,653.9",""
"2013","Norway","Terajoule","All products","Gross inland consumption","1,409,023",""
"2013","Montenegro","Thousand TOE (tonnes of oil equivalent)","All products","Gross inland consumption","1,036.6",""
"2013","Montenegro","Terajoule","All products","Gross inland consumption","43,402",""
"2013","Former Yugoslav Republic of Macedonia, the","Thousand TOE (tonnes of oil equivalent)","All products","Gross inland consumption","2,710.2",""
"2013","Former Yugoslav Republic of Macedonia, the","Terajoule","All products","Gross inland consumption","113,472",""
"2013","Albania","Thousand TOE (tonnes of oil equivalent)","All products","Gross inland consumption","2,363.0",""
"2013","Albania","Terajoule","All products","Gross inland consumption","98,934",""
"2013","Serbia","Thousand TOE (tonnes of oil equivalent)","All products","Gross inland consumption","14,937.2",""
"2013","Serbia","Terajoule","All products","Gross inland consumption","625,392",""
"2013","Turkey","Thousand TOE (tonnes of oil equivalent)","All products","Gross inland consumption","118,532.7",""
"2013","Turkey","Terajoule","All products","Gross inland consumption","4,962,729",""
"2013","Kosovo (under United Nations Security Council Resolution 1244/99)","Thousand TOE (tonnes of oil equivalent)","All products","Gross inland consumption","2,313.6",""
"2013","Kosovo (under United Nations Security Council Resolution 1244/99)","Terajoule","All products","Gross inland consumption","96,866",""
"2013","Moldova","Thousand TOE (tonnes of oil equivalent)","All products","Gross inland consumption","3,096.5",""
"2013","Moldova","Terajoule","All products","Gross inland consumption","129,643",""
"2013","Ukraine","Thousand TOE (tonnes of oil equivalent)","All products","Gross inland consumption","115,044.4",""
"2013","Ukraine","Terajoule","All products","Gross inland consumption","4,816,681",""
"2014","European Union (28 countries)","Thousand TOE (tonnes of oil equivalent)","All products","Gross inland consumption","1,606,485.1",""
"2014","European Union (28 countries)","Terajoule","All products","Gross inland consumption","67,260,320",""
"2014","Euro area (19 countries)","Thousand TOE (tonnes of oil equivalent)","All products","Gross inland consumption","1,135,729.1",""
"2014","Euro area (19 countries)","Terajoule","All products","Gross inland consumption","47,550,704",""
"2014","Belgium","Thousand TOE (tonnes of oil equivalent)","All products","Gross inland consumption","53,366.8",""
"2014","Belgium","Terajoule","All products","Gross inland consumption","2,234,359",""
"2014","Bulgaria","Thousand TOE (tonnes of oil equivalent)","All products","Gross inland consumption","17,732.3",""
"2014","Bulgaria","Terajoule","All products","Gross inland consumption","742,414",""
"2014","Czech Republic","Thousand TOE (tonnes of oil equivalent)","All products","Gross inland consumption","41,455.9",""
"2014","Czech Republic","Terajoule","All products","Gross inland consumption","1,735,674",""
"2014","Denmark","Thousand TOE (tonnes of oil equivalent)","All products","Gross inland consumption","16,905.2",""
"2014","Denmark","Terajoule","All products","Gross inland consumption","707,786",""
"2014","Germany (until 1990 former territory of the FRG)","Thousand TOE (tonnes of oil equivalent)","All products","Gross inland consumption","313,935.8",""
"2014","Germany (until 1990 former territory of the FRG)","Terajoule","All products","Gross inland consumption","13,143,862",""
"2014","Estonia","Thousand TOE (tonnes of oil equivalent)","All products","Gross inland consumption","6,726.5",""
"2014","Estonia","Terajoule","All products","Gross inland consumption","281,624",""
"2014","Ireland","Thousand TOE (tonnes of oil equivalent)","All products","Gross inland consumption","13,562.5",""
"2014","Ireland","Terajoule","All products","Gross inland consumption","567,834",""
"2014","Greece","Thousand TOE (tonnes of oil equivalent)","All products","Gross inland consumption","24,429.6",""
"2014","Greece","Terajoule","All products","Gross inland consumption","1,022,817",""
"2014","Spain","Thousand TOE (tonnes of oil equivalent)","All products","Gross inland consumption","116,680.6",""
"2014","Spain","Terajoule","All products","Gross inland consumption","4,885,182",""
"2014","France","Thousand TOE (tonnes of oil equivalent)","All products","Gross inland consumption","248,498.2",""
"2014","France","Terajoule","All products","Gross inland consumption","10,404,121",""
"2014","Croatia","Thousand TOE (tonnes of oil equivalent)","All products","Gross inland consumption","8,195.3",""
"2014","Croatia","Terajoule","All products","Gross inland consumption","343,121",""
"2014","Italy","Thousand TOE (tonnes of oil equivalent)","All products","Gross inland consumption","151,027.1",""
"2014","Italy","Terajoule","All products","Gross inland consumption","6,323,203",""
"2014","Cyprus","Thousand TOE (tonnes of oil equivalent)","All products","Gross inland consumption","2,224.4",""
"2014","Cyprus","Terajoule","All products","Gross inland consumption","93,130",""
"2014","Latvia","Thousand TOE (tonnes of oil equivalent)","All products","Gross inland consumption","4,451.9",""
"2014","Latvia","Terajoule","All products","Gross inland consumption","186,394",""
"2014","Lithuania","Thousand TOE (tonnes of oil equivalent)","All products","Gross inland consumption","6,694.6",""
"2014","Lithuania","Terajoule","All products","Gross inland consumption","280,291",""
"2014","Luxembourg","Thousand TOE (tonnes of oil equivalent)","All products","Gross inland consumption","4,215.1",""
"2014","Luxembourg","Terajoule","All products","Gross inland consumption","176,476",""
"2014","Hungary","Thousand TOE (tonnes of oil equivalent)","All products","Gross inland consumption","22,325.7",""
"2014","Hungary","Terajoule","All products","Gross inland consumption","934,730",""
"2014","Malta","Thousand TOE (tonnes of oil equivalent)","All products","Gross inland consumption","885.8",""
"2014","Malta","Terajoule","All products","Gross inland consumption","37,085",""
"2014","Netherlands","Thousand TOE (tonnes of oil equivalent)","All products","Gross inland consumption","76,807.2",""
"2014","Netherlands","Terajoule","All products","Gross inland consumption","3,215,766",""
"2014","Austria","Thousand TOE (tonnes of oil equivalent)","All products","Gross inland consumption","32,671.2",""
"2014","Austria","Terajoule","All products","Gross inland consumption","1,367,877",""
"2014","Poland","Thousand TOE (tonnes of oil equivalent)","All products","Gross inland consumption","94,308.3",""
"2014","Poland","Terajoule","All products","Gross inland consumption","3,948,501",""
"2014","Portugal","Thousand TOE (tonnes of oil equivalent)","All products","Gross inland consumption","22,097.0",""
"2014","Portugal","Terajoule","All products","Gross inland consumption","925,156",""
"2014","Romania","Thousand TOE (tonnes of oil equivalent)","All products","Gross inland consumption","32,289.7",""
"2014","Romania","Terajoule","All products","Gross inland consumption","1,351,904",""
"2014","Slovenia","Thousand TOE (tonnes of oil equivalent)","All products","Gross inland consumption","6,681.9",""
"2014","Slovenia","Terajoule","All products","Gross inland consumption","279,759",""
"2014","Slovakia","Thousand TOE (tonnes of oil equivalent)","All products","Gross inland consumption","16,180.6",""
"2014","Slovakia","Terajoule","All products","Gross inland consumption","677,450",""
"2014","Finland","Thousand TOE (tonnes of oil equivalent)","All products","Gross inland consumption","34,592.5",""
"2014","Finland","Terajoule","All products","Gross inland consumption","1,448,319",""
"2014","Sweden","Thousand TOE (tonnes of oil equivalent)","All products","Gross inland consumption","48,203.8",""
"2014","Sweden","Terajoule","All products","Gross inland consumption","2,018,196",""
"2014","United Kingdom","Thousand TOE (tonnes of oil equivalent)","All products","Gross inland consumption","189,340.1",""
"2014","United Kingdom","Terajoule","All products","Gross inland consumption","7,927,289",""
"2014","Iceland","Thousand TOE (tonnes of oil equivalent)","All products","Gross inland consumption","6,057.0",""
"2014","Iceland","Terajoule","All products","Gross inland consumption","253,596",""
"2014","Norway","Thousand TOE (tonnes of oil equivalent)","All products","Gross inland consumption","29,236.7",""
"2014","Norway","Terajoule","All products","Gross inland consumption","1,224,083",""
"2014","Montenegro","Thousand TOE (tonnes of oil equivalent)","All products","Gross inland consumption","974.2",""
"2014","Montenegro","Terajoule","All products","Gross inland consumption","40,789",""
"2014","Former Yugoslav Republic of Macedonia, the","Thousand TOE (tonnes of oil equivalent)","All products","Gross inland consumption","2,634.4",""
"2014","Former Yugoslav Republic of Macedonia, the","Terajoule","All products","Gross inland consumption","110,297",""
"2014","Albania","Thousand TOE (tonnes of oil equivalent)","All products","Gross inland consumption","2,637.7",""
"2014","Albania","Terajoule","All products","Gross inland consumption","110,437",""
"2014","Serbia","Thousand TOE (tonnes of oil equivalent)","All products","Gross inland consumption","13,293.9",""
"2014","Serbia","Terajoule","All products","Gross inland consumption","556,589",""
"2014","Turkey","Thousand TOE (tonnes of oil equivalent)","All products","Gross inland consumption","124,013.5",""
"2014","Turkey","Terajoule","All products","Gross inland consumption","5,192,195",""
"2014","Kosovo (under United Nations Security Council Resolution 1244/99)","Thousand TOE (tonnes of oil equivalent)","All products","Gross inland consumption","2,137.5",""
"2014","Kosovo (under United Nations Security Council Resolution 1244/99)","Terajoule","All products","Gross inland consumption","89,492",""
"2014","Moldova","Thousand TOE (tonnes of oil equivalent)","All products","Gross inland consumption","2,024.5",""
"2014","Moldova","Terajoule","All products","Gross inland consumption","84,763",""
"2014","Ukraine","Thousand TOE (tonnes of oil equivalent)","All products","Gross inland consumption","104,914.0",""
"2014","Ukraine","Terajoule","All products","Gross inland consumption","4,392,540",""
